yH098.ITSwhole2_oH2693_P1	ref|NR_077073.1|	97.950	85	0.0	1156	Nakaseomyces nivariensis CBS 9983 ITS region; from TYPE material	1	678	683	1	CCAGCAAGACTTCACAGCAGAGCCCTTCCACCAGAATGTAAC--GCCCTGCAACAGAGACCGTCGAAGTTGGTAAAACCTAATACGACTTTCTCATTGCAAAACTTCCAATGAAAAAAA-CAGCCCACCATGCACGTCCGCATAAAATGGCCAACAATTTCAAGCTAACTCCAGCAGAGTATCACTCACCACCAAACGAGACGTTTGAGAAGGAAATGACGCTCAAACAGGCATGCCCCCCGGAATACCAGAGGGCGCAATGTGCGTTCAAAGATTCGATGATTCACGGAATTCTGCAATTCACATTACGTATCGCATTTCGCTGCGTTCTTCATCGATGCGAGAACCAAGAGATCCATTGTTGAAAGTTTTGAAGTTATTTCTCAACAGAGAATTTGGTTTTGACAAAGTAGAATATAAAATAATTGTTTGTGTTTGCTTCTCCCGGGACGCCCAAAAAGAGCAGTCCCAAAGAAAACAAGAACAATAAAGTAAGATTACTCCACTGTGTGTAAAGTTGAAAGATACAAACTCGCCCCTTTGAATTAGCTAGCTCCAG-AAAAGCACCGCCTCCGCCGCGCACTTAAGCGCAGGCAGCCGCAGCACCCCCCGAAACTAACCAGGATGAGCTCGCTCCAACAAATATTTTCTTTAATGATCCTTCCGCA-GTTCACCTACGGA	CCAGCATGACTTCACAGCAGAGCCCTTCCACCAGAATTTAAAATGCCCTGCAACAGAGACCGTCGAAGTTGGTAAAACCTAATACGACTTTCTCATTGCAAAACTTCCAATGAAAAAAAACAGCCCACCATGCACGTCCGCATAAAATGGCCAACAATTTCAAGCTAACTCCAGCAGAGTATCACTCACCACCAAACGAGACGTTTGAGAAGGAAATGACGCTCAAACAGGCATGCCCCCCGGAATACCAGAGGGCGCAATGTGCGTTCAAAGATTCGATGATTCACGGAATTCTGCAATTCACATTACGTATCGCATTTCGCTGCGTTCTTCATCGATGCGAGAACCAAGAGATCCATTGTTGAAAGTTTTGAAGTTATTTCTCAACAGAGAATTTGGTTTTGACAAAGTAGAATATAAAATAATTGTTTGTGTTTGCTTCTCCCGGGACGCCCAAAAAGAGCTGTCCCAAAGAAAATAAGAACAATAAAGTAAGATTACTCCACTGTGTGTAAAGTTGAAAGATACAAACTCCTCCCTTTGAATTAGCTAGCTTCAGAAAAAGCACCGCCTCCGCCGCGCACTTAAGCGCAGGCAGCTGCAGCACCCCCCGAAACTAACCAGGATGAGCTCGCTCCAACAAATATTTTCTTTAATGATCCTTCCGCAGGTTCACCTACGGA
yH098.ITSwhole2_oH2693_P1	ref|NR_155460.1|	97.130	83	0.0	1098	Nakaseomyces kungkrabaensis CBS 10927 ITS region; from TYPE material	1	660	661	1	CCAGCAAGACTTCACAGCAGAGCCCTTCCACCAGAATGTAAC-GCCCTGCAACAGAGACCGTCGAAGTTGGTAAAACCTAATACGACTTTCTCATTGCAAAACTTCCAATGAAAAAAACAGCCCACCATGCACGTCCGCATAAAATGGCCAACAATTTCAAGCTAACTCCAGCAGAGTATCACTCACCACCAAACGAGACGTTTGAGAAGGAAATGACGCTCAAACAGGCATGCCCCCCGGAATACCAGAGGGCGCAATGTGCGTTCAAAGATTCGATGATTCACGGAATTCTGCAATTCACATTACGTATCGCATTTCGCTGCGTTCTTCATCGATGCGAGAACCAAGAGATCCATTGTTGAAAGTTTTGAAGTTATTTCTCAACAGAGAATTTGGTTTTGACAAAGTA-GAATATAAAATAATTGTTTGTGTTTGCTTCTCCCGGGACGCCCAAAAAGAGCAGTCCCAAAGAAAACAAGAACAATAAAGTAAGATTACTCCACTGTGTGTAAAGTTGAAAGATACAAACTCGCCCCTTTGAATTAGCTAGCTCCAGAAAAGCACCGCCTCCGCCGCGCACTTAAGCGCAGGCAGCCGCAGCACCCCCCGAAACTAACCAGGATGAGCTCGCTCCAACAAATATTTTCTTTAATGATCCTT	CCAGCATGACTTCACAGCAGAGCCTTTCCACCAGAATTTAAATGCCCTGCAACAGAGACCGTCGAAGTTGGTAAAACCTAATACGACTTTCTCATTGCAAAACTTCCAATGAAAAAAACAGCCCACCATGCTCGTCCGCATAAAATGGCCAACAATTTCAAGCTAACTCCAGCAGAGTATCACTCACCACCAAACGAGACGTTTGAGAAGGAAATGACGCTCAAACAGGCATGCCCCCCGGAATACCAGAGGGCGCAATGTGCGTTCAAAGATTCGATGATTCACGGAATTCTGCAATTCACATTACGTATCGCATTTCGCTGCGTTCTTCATCGATGCGAGAACCAAGAGATCCATTGTTGAAAGTTTTGAAGTTATTTCTCAACAGAGAATTTGGTTTTGACAATGTATAAATATAAAATAATTGTTTGTGTTTGCTTCTCCCGGGACGCCC-AAATGAACAGTCCCAAAGAAAATAAGAACAATAAAGTAAGATTACTCCACTGGGTGTAAAGTTGAAAGATACAAACTCGCCCCTTTGAATTAGCTCGCTTCAGAAAAGCACCGCCTCCGCCGCGCACTTAAGCGCAGGCAGCAACAGCACCCCCCGAAACAAACCAGGATGAGCTCGCTCCAACAAATATTTTCTTTAATGATCCTT
yH103.ITSwhole2_oH2693_P1	ref|NR_166044.1|	99.531	80	0.0	1134	Kluyveromyces lactis CBS 683 ITS region; from TYPE material	1	638	709	70	CGTATGCCTCA-GGAGACAAACACCAGCGAGTCTTTATAACACCTATA-GCTCATTGACCCTAGCTTACCACGAATTGGCGCAAACCTAAGACGTAGATGTGCAAGAGTCGAGTCCATAGACTTGACACGCAGCCCTGCTCACGCAGAAGGCAACGGCTAGCCACTTTCAAGTTAACCCGAAAAACGAGTATCACTCACTACCAAACCCAAAGGTTTGAGAGAGAAATGACGCTCAAACAGGCATGCCCCCTGGAATACCAGAGGGCGCAATGTGCGTTCAAAGATTTGATGATTCACGAAAATCTGCAATTCACAATACATATCGCAATTCGCTGCGTTCTTCATCGATGCGAGAACCAAGAGATCCGTTGTTGAAAGTTTTGAATATTAAATTTCTTGATAAATAGTTTTTCATAATGCAAAATGTTGTTTGTGTTTATGTCCACTGGAGAGACGAGCTCTCCAGGGAAGTAGTTCATAGAGAAAAAACTCCATTGTGTTTAGGATGAGAGAAAGAAAACTGATAGCAGAAAATCAAGAATTAGCCGCGCAATTAAGCGCAGGCCATATTCAGCGATTCCCCCAGTAATCTACTCATTCATAATCTTTAATGATCCTTCCGCAGGTTCCCCTACGGAA	CGTATGCCTCAAGGAGACAAACACCAGCGAGTCTTTATAACACCTATAAGCTCATTGACCCTAGCTTACCACGAATTGGCGCAAACCTAAGACGTAGATGTGCAAGAGTCGAGTCCATAGACTTGACACGCAGCCCTGCTCACGCAGAAGGCAACGGCTAGCCACTTTCAAGTTAACCCGAAAAACGAGTATCACTCACTACCAAACCCAAAGGTTTGAGAGAGAAATGACGCTCAAACAGGCATGCCCCCTGGAATACCAGAGGGCGCAATGTGCGTTCAAAGATTTGATGATTCACGAAAATCTGCAATTCACAATACATATCGCAATTCGCTGCGTTCTTCATCGATGCGAGAACCAAGAGATCCGTTGTTGAAAGTTTTGAATATTAAATTTCTTGATAAATAGTTTTTCATAATGCAAAATGTTGTTTGTGTTTATGTCCACTGGAGAGACGAGCTCTCCAGGGAAGTAGTTCATAGAGAAAAAACTCCATTGTGTTTAGGATGAGAGAAAGAAAACTGATAGCAGAAAATCAAGAATTAGCCGCGCAATTAAGCGCAGGCCATATTCAGCGATTCCCCCAGTAATCTACTCATTCATAATCTTTAATGATCCTTCCGCAGGTTCACCTACGGAA
yH103.ITSwhole2_oH2693_P1	ref|NR_138156.1|	96.236	76	0.0	982	Kluyveromyces dobzhanskii IFO 10603 ITS region; from TYPE material	1	607	610	1	CGTATGCCTCA-GGAGACAAACACCAGCGAGTCTTTATAACACCTATA-GCTCATTGACCCTAGCTTACCACGAATTGGCGCAAACCTAAGACGTAGATGTGCAAGAGTCGAGTCCATAGACTTGACACGCAGCCCTGCTCACGCAGAAGGCAACGGCTAGCCACTTTCAAGTTAACCCGAAAAACGAGTATCACTCACTACCAAACCCAAAGGTTTGAGAGAGAAATGACGCTCAAACAGGCATGCCCCCTGGAATACCAGAGGGCGCAATGTGCGTTCAAAGATTTGATGATTCACGAAAATCTGCAATTCACAATACATATCGCAATTCGCTGCGTTCTTCATCGATGCGAGAACCAAGAGATCCGTTGTTGAAAGTTTTGAATATTAAATTTCTTGATA-AATAGTTTTTCATAATGCAAAATGTTGTTTGTGTTTATGTCCACTGGAGAGACGAGCTCTCCAGGGAAGTAGTTCATAGAGAAAAAACTCCATTGTGTTTAGGATGAGAG-AAAGAAAACTGATAGCAGAAAATCAAGAATTAGCCGCGCAATTAAGCGCAGGCCATATTCAGCGATTCCCCCAGTAATCTACTCATTCATAATCTT	CGTATGNCTCAAGGAGACAAACACCAGCGAGTCTTTATAACACCTATAAGCTCTTTGACCCAAGCTTACCACGAATTGGCGCAAACCTAAGACGTAGATGTGCAAGAGTCGAGTCCATAGACTTGACACGCAGCCCTGCTCACGCAGAAGGCAACGGCTAGCCACTTTCAAGTTAACCCGGAAA-CGAGTATCACTCACTACCAAACCCAAAGGTTTGAGAGAGAAATGACGCTCAAACAGGCATGCCCCCTGGAATACCAGAGGGCGCAATGTGCGTTCAAAGATTTGATGATTCACGAAAATCTGCAATTCACAATACATATCGCAATTCGCTGCGTTCTTCATCGATGCGAGAACCAAGAGATCCGTTGTTGAAAGTTTTAAATATTAAATTTATTGGTATAATAGTTTTTCATAATGCAAAATATTGTTTGTGTTTATGTCCACTGGAAAGACGAGCTTTCCAGGGAAGTAGTTCATAGAGAAAAAACTCCATTGTGTTTAGGATGAGAGAAAAGAAAACTGATAGCAGAGAATCATGAACTGGCCGCGCAATTAAGCGCAGGCCTCGTTCAGCAATTCCCCCAGTAATCTACTCATTCATAATCTT
yH1074.ITSwhole_oH2693_P1	ref|NR_130691.1|	100.000	81	0.0	1175	Nakaseomyces glabratus NRRL Y-65 ITS region; from TYPE material	1	651	651	1	GCCCAGCACGCACAAAACACTCACTTATCCCTCCCTAGATCAACACCGAGTTGGTAAAACCTAATACAGTATTAACCCCCGCCGCTCGCGCAAACGAGCAGCAGATTAATAGAGAAGCTTGCGCTCGTGTCCCACATACTGATATGGCCTACAATTTCAAGTTAACTCAAAAACGAGTATCACTCACTACCAAACACAATGTGTTTGAGAAGGAAATGACGCTCAAACAGGCATGCCCCCCGGAATACCAGAGGGCGCAATGTGCGTTCAAAGATTCGATGATTCACGGAATTCTGCAATTCACATTACGTATCGCATTTCGCTGCGTTCTTCATCGATGCGAGAACCAAGAGATCCATTGTTGAAAGTTTTGAAGTTGTTTTCTACTAAAAGAAATCTTGTGTTGACTGAATTAGTTTAAAAAAATATTTGTTTGTGTTTGCATCCACTGGGAGAACTCCCCCCCGAAAGAGAGCGTTCCCCCAACGAACAAAAGAATAGTAGTAAAGTAAACTCCACTGTGTGTAGTAATTAGAAAGTGTCGAGTCGTGTGATAAAACACCTCCTTTGGAATAGAGAGATCCACGCACACTCCCAGGTCTTTGTCGGCTCCCTCCCCCCACTGCAGAACACCCACCAACCGCGCACTTA	GCCCAGCACGCACAAAACACTCACTTATCCCTCCCTAGATCAACACCGAGTTGGTAAAACCTAATACAGTATTAACCCCCGCCGCTCGCGCAAACGAGCAGCAGATTAATAGAGAAGCTTGCGCTCGTGTCCCACATACTGATATGGCCTACAATTTCAAGTTAACTCAAAAACGAGTATCACTCACTACCAAACACAATGTGTTTGAGAAGGAAATGACGCTCAAACAGGCATGCCCCCCGGAATACCAGAGGGCGCAATGTGCGTTCAAAGATTCGATGATTCACGGAATTCTGCAATTCACATTACGTATCGCATTTCGCTGCGTTCTTCATCGATGCGAGAACCAAGAGATCCATTGTTGAAAGTTTTGAAGTTGTTTTCTACTAAAAGAAATCTTGTGTTGACTGAATTAGTTTAAAAAAATATTTGTTTGTGTTTGCATCCACTGGGAGAACTCCCCCCCGAAAGAGAGCGTTCCCCCAACGAACAAAAGAATAGTAGTAAAGTAAACTCCACTGTGTGTAGTAATTAGAAAGTGTCGAGTCGTGTGATAAAACACCTCCTTTGGAATAGAGAGATCCACGCACACTCCCAGGTCTTTGTCGGCTCCCTCCCCCCACTGCAGAACACCCACCAACCGCGCACTTA
yH1074.ITSwhole_oH2693_P1	ref|NR_136973.1|	89.552	41	1.81e-121	434	Nakaseomyces bracarensis CBS 10154 ITS region; from TYPE material	142	472	543	211	ATATGGCCTACAATTTCAAGTTAACTCAAAAACGAGTATCACTCACTACCAAACACAATGTGTTTGAGAAGGAAATGACGCTCAAACAGGCATGCCCCCCGGAATACCAGAGGGCGCAATGTGCGTTCAAAGATTCGATGATTCACGGAATTCTGCAATTCACATTACGTATCGCATTTCGCTGCGTTCTTCATCGATGCGAGAACCAAGAGATCCATTGTTGAAAGTTTTGAAGTTGTTTTCTACTAAAAGAAATCTTGTGTTGACTGAATTAGT--TTAAAAAAATATTTGTTTGTGTTTGCATCCACTGGGAGAACTCCC--CCCCGAAAGA	ATATGGCCAACAATTTCAAGCTAACTCAATAA-GAGTATCACTCACTACCAAACACAG-GTGTTTGAGAAGGAAATGACGCTCAAACAGGCATGCCCCCTGGAATACCAGAGGGCGCAATGTGCGTTCAAAGATTCGATGATTCACGGAATTCTGCAATTCACATTACGTATCGCATTTCGCTGCGTTCTTCATCGATGCGAGAACCAAGAGATCCATTGTTGAAAGTTTTGAAGTTATTTTCTCGTAAGAGAAATTAAGTTCTGACAAAGTTTGTAAATATAAAAATAATTGTTTGTGTTTGCTTCTCCCGGGAGACTTACCGTCCCCCAAAGA
yH145.ITSwhole_oH2693_P1	ref|NR_111007.1|	99.591	92	0.0	1298	Saccharomyces cerevisiae CBS 1171 ITS region; from TYPE material	1	732	731	1	AGACGCTCTCTTCTTATCGATAACGTTCCAATACGCTCAGTATAAAAAAAGATTAGCCGCAGTTGGTAAAACCTAAAACGACCGTACTTGCATTATACCTCAAGCACGCAGAGAAACCTCTCTTTGGAAAAAAAACATCCAATGAAAAGGCCAGCAATTTCAAGTTAACTCCAAAGAGTATCACTCACTACCAAACAGAATGTTTGAGAAGGAAATGACGCTCAAACAGGCATGCCCCCTGGAATACCAAGGGGCGCAATGTGCGTTCAAAGATTCGATGATTCACGGAATTCTGCAATTCACATTACGTATCGCATTTCGCTGCGTTCTTCATCGATGCGAGAACCAAGAGATCCGTTGTTGAAAGTTTTTAATATTTT-AAAATTTCCAGTTACGAAAATTCTTGTTTTTGACAAAAATTTAATGAATAGATAAAATTGTTTGTGTTTGTTACCTCTGGGCCCCGATTGCTCGAATGCCCAAAGAAAAAGTTGCAAAGATATGAAAACTCCACAGTGTGTTGTATTGAAACGGTTTTAATTGTCCTATAACAAAAGCACAGAAATCTCTCACCGTTTGGAATAGCAAGAAAGAAACTTACAAGCCTAGCAAGACCGCGCACTTAAGCGCAGGCCCGGCTGGACTCTCCATCTCTTGTCTTCTTGCCCAGTAAAAGCTCTCATGCTCTTGCCAAAACAAAAAAATCCATTTTCAAAATTATTAAATTTCTTT	AGACGCTCTCTTCTTATCGATAACGTTCCAATACGCTCAGTATAAAAAA-GATTAGCCGCAGTTGGTAAAACCTAAAACGACCGTACTTGCATTATACCTCAAGCACGCAGAGAAACCTCTCTTTGGAAAAAAAACATCCAATGAAAAGGCCAGCAATTTCAAGTTAACTCCAAAGAGTATCACTCACTACCAAACAGAATGTTTGAGAAGGAAATGACGCTCAAACAGGCATGCCCCCTGGAATACCAAGGGG-GCAATGTGCGTTCAAAGATTCGATGATTCACGGAATTCTGCAATTCACATTACGTATCGCATTTCGCTGCGTTCTTCATCGATGCGAGAACCAAGAGATCCGTTGTTGAAAGTTTTTAATATTTTTAAAATTTCCAGTTACGAAAATTCTTGTTTTTGACAAAAATTTAATGAATAGATAAAATTGTTTGTGTTTGTTACCTCTGGGCCCCGATTGCTCGAATGCCCAAAGAAAAAGTTGCAAAGATATGAAAACTCCACAGTGTGTTGTATTGAAACGGTTTTAATTGTCCTATAACAAAAGCACAGAAATCTCTCACCGTTTGGAATAGCAAGAAAGAAACTTACAAGCCTAGCAAGACCGCGCACTTAAGCGCAGGCCCGGCTGGACTCTCCATCTCTTGTCTTCTTGCCCAGTAAAAGCTCTCATGCTCTTGCCAAAACAAAAAAATCCATTTTCAAAATTATTAAATTTCTTT
yH145.ITSwhole_oH2693_P1	ref|NR_144772.1|	98.770	91	0.0	1273	Saccharomyces cariocanus NRRL 27337 ITS region; from TYPE material	1	731	731	1	AGACGCTCTCTTCTTATCGATAACGTTCCAATACGCTCAGTATAAAAAAAGATTAGCCGCAGTTGGTAAAACCTAAAACGACCGTACTTGCATTATACCTCAAGCACGCAGAGAAACCTCTCTTTGGAAAAAAAACATCCAATGAAAAGGCCAGCAATTTCAAGTTAACTCCAAAGAGTATCACTCACTACCAAACAGAATGTTTGAGAAGGAAATGACGCTCAAACAGGCATGCCCCCTGGAATACCAAGGGGCGCAATGTGCGTTCAAAGATTCGATGATTCACGGAATTCTGCAATTCACATTACGTATCGCATTTCGCTGCGTTCTTCATCGATGCGAGAACCAAGAGATCCGTTGTTGAAAGTTTTTAATATTTT-AAAATTTCCAGTTACGAAAATTCTTGTTTTTGACAAAAATTTAATGAATAGATAAAATTGTTTGTGTTTGTTACCTCTGGGCCCCGATTGCTCGAATGCCCAAAGAAAAAGTTGCAAAGATATGAAAACTCCACAGTGTGTTGTATTGAAACGGTTTTAATTGTCCTATAACAAAAGCACAGAAATCTCTCACCGTTTGGAATAGCAAGAAAGAAACTTACAAGCCTAGCAAGACCGCGCACTTAAGCGCAGGCCCGGCTGGACTCTCCATCTCTTGTCTTCTTGCCCAGTAAAAGCTCTCATGCTCTTGCCAAAACAAAAAAATCCATTTTCAAAATTATTAAATTTCTT	AGACGCTCTCTTCTTATCGATAACGTTCCAATACGCTCAGTACAAAAAA-GATTAGCCGCAGTTGGTAAAACCTAAAACGACCGTACTTGCATTATACCTCAAGCACGCAGAGAAACCTCTCTTTGGAAAAAAAACATCCAATGAAAAGGCCAGCAATTTCAAGTTAACTCCAAAGAGTATCACTCACTACCAAACAGAATGTTTGAGAAGGAAATGACGCTCAAACAGGCATGCCCCCTGGAATACCAAGGGGCGCAATGTGCGTTCAAAGATTCGATGATTCACGGAATTCTGCAATTCACATTACGTATCGCATTTCGCTGCGTTCTTCATCGATGCGAGAACCAAGAGATCCGTTGTTGAAAGTTTTTAATATTTTTAAAATTTCCAGTTACGAAAATTCTTGTTTTTGACAAAAATTTAATGAATAAATAAAATTGTTTGTGTTTGTTACCTCTGGGCCTCGATTGCTCGAATGCCCAAAGAAAAAGTTGCAAAGATATGAAAACTCCACAGTGTGTTGTATTGAAACGGTTTTAATTGTCCTATAACAATAGCACAGAAATCTCTCACTGTTTGGAATAGCAAGAAAGAAACTTACAAGCCAAGCAAGACCGCGCACTTAAGCGCAGGCCCGACTGGACTCTCCATCTCTTGTCTTCTTGCCCAGTAAAAGCTCTCATGCTCTTGCCAAAACAAAAAAATCCATTTTCAAAATTATTAAATTTCTT
yH149.ITSwhole_oH2693_P1	ref|NR_166044.1|	100.000	80	0.0	1160	Kluyveromyces lactis CBS 683 ITS region; from TYPE material	1	643	712	70	AGCCGTATGCCTCAAGGAGACAAACACCAGCGAGTCTTTATAACACCTATAAGCTCATTGACCCTAGCTTACCACGAATTGGCGCAAACCTAAGACGTAGATGTGCAAGAGTCGAGTCCATAGACTTGACACGCAGCCCTGCTCACGCAGAAGGCAACGGCTAGCCACTTTCAAGTTAACCCGAAAAACGAGTATCACTCACTACCAAACCCAAAGGTTTGAGAGAGAAATGACGCTCAAACAGGCATGCCCCCTGGAATACCAGAGGGCGCAATGTGCGTTCAAAGATTTGATGATTCACGAAAATCTGCAATTCACAATACATATCGCAATTCGCTGCGTTCTTCATCGATGCGAGAACCAAGAGATCCGTTGTTGAAAGTTTTGAATATTAAATTTCTTGATAAATAGTTTTTCATAATGCAAAATGTTGTTTGTGTTTATGTCCACTGGAGAGACGAGCTCTCCAGGGAAGTAGTTCATAGAGAAAAAACTCCATTGTGTTTAGGATGAGAGAAAGAAAACTGATAGCAGAAAATCAAGAATTAGCCGCGCAATTAAGCGCAGGCCATATTCAGCGATTCCCCCAGTAATCTACTCATTCATAATCTTTAATGATCCTTCCGCAGGTTCACCTACGGAA	AGCCGTATGCCTCAAGGAGACAAACACCAGCGAGTCTTTATAACACCTATAAGCTCATTGACCCTAGCTTACCACGAATTGGCGCAAACCTAAGACGTAGATGTGCAAGAGTCGAGTCCATAGACTTGACACGCAGCCCTGCTCACGCAGAAGGCAACGGCTAGCCACTTTCAAGTTAACCCGAAAAACGAGTATCACTCACTACCAAACCCAAAGGTTTGAGAGAGAAATGACGCTCAAACAGGCATGCCCCCTGGAATACCAGAGGGCGCAATGTGCGTTCAAAGATTTGATGATTCACGAAAATCTGCAATTCACAATACATATCGCAATTCGCTGCGTTCTTCATCGATGCGAGAACCAAGAGATCCGTTGTTGAAAGTTTTGAATATTAAATTTCTTGATAAATAGTTTTTCATAATGCAAAATGTTGTTTGTGTTTATGTCCACTGGAGAGACGAGCTCTCCAGGGAAGTAGTTCATAGAGAAAAAACTCCATTGTGTTTAGGATGAGAGAAAGAAAACTGATAGCAGAAAATCAAGAATTAGCCGCGCAATTAAGCGCAGGCCATATTCAGCGATTCCCCCAGTAATCTACTCATTCATAATCTTTAATGATCCTTCCGCAGGTTCACCTACGGAA
yH149.ITSwhole_oH2693_P1	ref|NR_138156.1|	96.563	76	0.0	998	Kluyveromyces dobzhanskii IFO 10603 ITS region; from TYPE material	4	612	610	1	CGTATGCCTCAAGGAGACAAACACCAGCGAGTCTTTATAACACCTATAAGCTCATTGACCCTAGCTTACCACGAATTGGCGCAAACCTAAGACGTAGATGTGCAAGAGTCGAGTCCATAGACTTGACACGCAGCCCTGCTCACGCAGAAGGCAACGGCTAGCCACTTTCAAGTTAACCCGAAAAACGAGTATCACTCACTACCAAACCCAAAGGTTTGAGAGAGAAATGACGCTCAAACAGGCATGCCCCCTGGAATACCAGAGGGCGCAATGTGCGTTCAAAGATTTGATGATTCACGAAAATCTGCAATTCACAATACATATCGCAATTCGCTGCGTTCTTCATCGATGCGAGAACCAAGAGATCCGTTGTTGAAAGTTTTGAATATTAAATTTCTTGATA-AATAGTTTTTCATAATGCAAAATGTTGTTTGTGTTTATGTCCACTGGAGAGACGAGCTCTCCAGGGAAGTAGTTCATAGAGAAAAAACTCCATTGTGTTTAGGATGAGAG-AAAGAAAACTGATAGCAGAAAATCAAGAATTAGCCGCGCAATTAAGCGCAGGCCATATTCAGCGATTCCCCCAGTAATCTACTCATTCATAATCTT	CGTATGNCTCAAGGAGACAAACACCAGCGAGTCTTTATAACACCTATAAGCTCTTTGACCCAAGCTTACCACGAATTGGCGCAAACCTAAGACGTAGATGTGCAAGAGTCGAGTCCATAGACTTGACACGCAGCCCTGCTCACGCAGAAGGCAACGGCTAGCCACTTTCAAGTTAACCCGGAAA-CGAGTATCACTCACTACCAAACCCAAAGGTTTGAGAGAGAAATGACGCTCAAACAGGCATGCCCCCTGGAATACCAGAGGGCGCAATGTGCGTTCAAAGATTTGATGATTCACGAAAATCTGCAATTCACAATACATATCGCAATTCGCTGCGTTCTTCATCGATGCGAGAACCAAGAGATCCGTTGTTGAAAGTTTTAAATATTAAATTTATTGGTATAATAGTTTTTCATAATGCAAAATATTGTTTGTGTTTATGTCCACTGGAAAGACGAGCTTTCCAGGGAAGTAGTTCATAGAGAAAAAACTCCATTGTGTTTAGGATGAGAGAAAAGAAAACTGATAGCAGAGAATCATGAACTGGCCGCGCAATTAAGCGCAGGCCTCGTTCAGCAATTCCCCCAGTAATCTACTCATTCATAATCTT
yH545.ITSwhole_oH2693_P1	ref|NR_111007.1|	99.593	92	0.0	1306	Saccharomyces cerevisiae CBS 1171 ITS region; from TYPE material	2	737	735	1	GCCTAGACGCTCTCTTCTTATCGATAACGTTCCAATACGCTCAGTATAAAAAAAGATTAGCCGCAGTTGGTAAAACCTAAAACGACCGTACTTGCATTATACCTCAAGCACGCAGAGAAACCTCTCTTTGGAAAAAAAACATCCAATGAAAAGGCCAGCAATTTCAAGTTAACTCCAAAGAGTATCACTCACTACCAAACAGAATGTTTGAGAAGGAAATGACGCTCAAACAGGCATGCCCCCTGGAATACCAAGGGGCGCAATGTGCGTTCAAAGATTCGATGATTCACGGAATTCTGCAATTCACATTACGTATCGCATTTCGCTGCGTTCTTCATCGATGCGAGAACCAAGAGATCCGTTGTTGAAAGTTTTTAATATTTT-AAAATTTCCAGTTACGAAAATTCTTGTTTTTGACAAAAATTTAATGAATAGATAAAATTGTTTGTGTTTGTTACCTCTGGGCCCCGATTGCTCGAATGCCCAAAGAAAAAGTTGCAAAGATATGAAAACTCCACAGTGTGTTGTATTGAAACGGTTTTAATTGTCCTATAACAAAAGCACAGAAATCTCTCACCGTTTGGAATAGCAAGAAAGAAACTTACAAGCCTAGCAAGACCGCGCACTTAAGCGCAGGCCCGGCTGGACTCTCCATCTCTTGTCTTCTTGCCCAGTAAAAGCTCTCATGCTCTTGCCAAAACAAAAAAATCCATTTTCAAAATTATTAAATTTCTTT	GCCTAGACGCTCTCTTCTTATCGATAACGTTCCAATACGCTCAGTATAAAAAA-GATTAGCCGCAGTTGGTAAAACCTAAAACGACCGTACTTGCATTATACCTCAAGCACGCAGAGAAACCTCTCTTTGGAAAAAAAACATCCAATGAAAAGGCCAGCAATTTCAAGTTAACTCCAAAGAGTATCACTCACTACCAAACAGAATGTTTGAGAAGGAAATGACGCTCAAACAGGCATGCCCCCTGGAATACCAAGGGG-GCAATGTGCGTTCAAAGATTCGATGATTCACGGAATTCTGCAATTCACATTACGTATCGCATTTCGCTGCGTTCTTCATCGATGCGAGAACCAAGAGATCCGTTGTTGAAAGTTTTTAATATTTTTAAAATTTCCAGTTACGAAAATTCTTGTTTTTGACAAAAATTTAATGAATAGATAAAATTGTTTGTGTTTGTTACCTCTGGGCCCCGATTGCTCGAATGCCCAAAGAAAAAGTTGCAAAGATATGAAAACTCCACAGTGTGTTGTATTGAAACGGTTTTAATTGTCCTATAACAAAAGCACAGAAATCTCTCACCGTTTGGAATAGCAAGAAAGAAACTTACAAGCCTAGCAAGACCGCGCACTTAAGCGCAGGCCCGGCTGGACTCTCCATCTCTTGTCTTCTTGCCCAGTAAAAGCTCTCATGCTCTTGCCAAAACAAAAAAATCCATTTTCAAAATTATTAAATTTCTTT
yH545.ITSwhole_oH2693_P1	ref|NR_111354.1|	97.786	96	0.0	1292	Saccharomyces mikatae ATCC MYA-4448 ITS region; from TYPE material	1	766	765	2	CGCCTAGACGCTCTCTTCTTATCGATAACGTTCCAATACGCTCAGTATAAAAAAAGATTAGCCGCAGTTGGTAAAACCTAAAACGACCGTACTTGCATTATACCTCAAGCACGCAGAGAAACCTCTCTTTGGAAAAAAAACATCCAATGAAAAGGCCAGCAATTTCAAGTTAACTCCAAAGAGTATCACTCACTACCAAACAGAATGTTTGAGAAGGAAATGACGCTCAAACAGGCATGCCCCCTGGAATACCAAGGGGCGCAATGTGCGTTCAAAGATTCGATGATTCACGGAATTCTGCAATTCACATTACGTATCGCATTTCGCTGCGTTCTTCATCGATGCGAGAACCAAGAGATCCGTTGTTGAAAGTTTTTAATATTTT-AAAATTTCCAGTTACGAAAATTCTTGTTTTTGACAAAAATTTAATGAATAGATAAAATTGTTTGTGTTTGTTACCTCTGGGCCCCGATTGCTCGAATGCCCAAAGAAAAAGTTGCAAAGATATGAAAACTCCACAGTGTGTTGTATTGAAACGGTTTTAATTGTCCTATAACAAAAGCACAGAAATCTCTCACCGTTTGGAATAGCAAGAAAGAAACTTACAAGCCTAGCAAGACCGCGCACTTAAGCGCAGGCCCGGCTGGACTCTCCATCTCTTGTCTTCTTGCCCAGTAAAAGCTCTCATGCTCTTGCCAAAACAAAAAAATCCATTTTCAAAATTATTAAATTTCTTTAATGATCCTTCCGCA-GTTCACCTACGGAA	CGCCTAGACGCTCTCTTCTTATTGATAACGTTCCAATACGCTCAGTACAAAAAA-GATTAGCCGCAGTTGGTAAAACCTAAAACGACCGTACTTGCATTATACCTCAAGCACGCAGAGAAACCTCTCTTTGGAAAAAAA-CATCCAATGAAAAGGCCAGCAATTTCAAGTTAACTCCAAAGAGTATCACTCACTACCAAACAGAATGTTTGAGAAGGAAATGACGCTCAAACAGGCATGCCCCCTGGAATACCAAGGGGCGCAATGTGCGTTCAAAGATTCGATGATTCACGGAATTCTGCAATTCACATTACGTATCGCATTTCGCTGCGTTCTTCATCGATGCGAGAACCAAGAGATCCGTTGTTGAAAGTTTTTAATATTTTTAAAATTTCCAGTTACGAAAATTCTTGTTTTTGACAAAAATTTAATGAATAAATAAAATTGTTTGTGTTTGTTACCTCTGGGCTCCGATTGCTCGAAAGCCCAAAGAAAAAGTTGCAAAGATATAAAAACTCCACAGTGTGTTGTATTGAAACGGTTTTAGTTGTCCTATAACAAAAACACAGAAATCTCTCACTGTTTGGAATAGCAAGAAAGAAACTTACAAGCCTAGCAAGACCGCGCACTTAAGCGCAGGCCCCACTGGACTCTCCATCTCTTGTCTTCTTGCCCAGTAAAAG--CTCATGCTCTTGCCAAAACAAAAAAATCCATTTTCAAAATTATTAAATTTCTTTAATGATCCTTCCGCAGGTTCACCTACGGAA
yH641.ITSwhole_oH2693_P1	ref|NR_111007.1|	99.593	92	0.0	1306	Saccharomyces cerevisiae CBS 1171 ITS region; from TYPE material	1	736	735	1	GCCTAGACGCTCTCTTCTTATCGATAACGTTCCAATACGCTCAGTATAAAAAAAGATTAGCCGCAGTTGGTAAAACCTAAAACGACCGTACTTGCATTATACCTCAAGCACGCAGAGAAACCTCTCTTTGGAAAAAAAACATCCAATGAAAAGGCCAGCAATTTCAAGTTAACTCCAAAGAGTATCACTCACTACCAAACAGAATGTTTGAGAAGGAAATGACGCTCAAACAGGCATGCCCCCTGGAATACCAAGGGGCGCAATGTGCGTTCAAAGATTCGATGATTCACGGAATTCTGCAATTCACATTACGTATCGCATTTCGCTGCGTTCTTCATCGATGCGAGAACCAAGAGATCCGTTGTTGAAAGTTTTTAATATTTT-AAAATTTCCAGTTACGAAAATTCTTGTTTTTGACAAAAATTTAATGAATAGATAAAATTGTTTGTGTTTGTTACCTCTGGGCCCCGATTGCTCGAATGCCCAAAGAAAAAGTTGCAAAGATATGAAAACTCCACAGTGTGTTGTATTGAAACGGTTTTAATTGTCCTATAACAAAAGCACAGAAATCTCTCACCGTTTGGAATAGCAAGAAAGAAACTTACAAGCCTAGCAAGACCGCGCACTTAAGCGCAGGCCCGGCTGGACTCTCCATCTCTTGTCTTCTTGCCCAGTAAAAGCTCTCATGCTCTTGCCAAAACAAAAAAATCCATTTTCAAAATTATTAAATTTCTTT	GCCTAGACGCTCTCTTCTTATCGATAACGTTCCAATACGCTCAGTATAAAAAA-GATTAGCCGCAGTTGGTAAAACCTAAAACGACCGTACTTGCATTATACCTCAAGCACGCAGAGAAACCTCTCTTTGGAAAAAAAACATCCAATGAAAAGGCCAGCAATTTCAAGTTAACTCCAAAGAGTATCACTCACTACCAAACAGAATGTTTGAGAAGGAAATGACGCTCAAACAGGCATGCCCCCTGGAATACCAAGGGG-GCAATGTGCGTTCAAAGATTCGATGATTCACGGAATTCTGCAATTCACATTACGTATCGCATTTCGCTGCGTTCTTCATCGATGCGAGAACCAAGAGATCCGTTGTTGAAAGTTTTTAATATTTTTAAAATTTCCAGTTACGAAAATTCTTGTTTTTGACAAAAATTTAATGAATAGATAAAATTGTTTGTGTTTGTTACCTCTGGGCCCCGATTGCTCGAATGCCCAAAGAAAAAGTTGCAAAGATATGAAAACTCCACAGTGTGTTGTATTGAAACGGTTTTAATTGTCCTATAACAAAAGCACAGAAATCTCTCACCGTTTGGAATAGCAAGAAAGAAACTTACAAGCCTAGCAAGACCGCGCACTTAAGCGCAGGCCCGGCTGGACTCTCCATCTCTTGTCTTCTTGCCCAGTAAAAGCTCTCATGCTCTTGCCAAAACAAAAAAATCCATTTTCAAAATTATTAAATTTCTTT
yH641.ITSwhole_oH2693_P1	ref|NR_111354.1|	97.523	96	0.0	1285	Saccharomyces mikatae ATCC MYA-4448 ITS region; from TYPE material	1	766	764	2	GCCTAGACGCTCTCTTCTTATCGATAACGTTCCAATACGCTCAGTATAAAAAAAGATTAGCCGCAGTTGGTAAAACCTAAAACGACCGTACTTGCATTATACCTCAAGCACGCAGAGAAACCTCTCTTTGGAAAAAAAACATCCAATGAAAAGGCCAGCAATTTCAAGTTAACTCCAAAGAGTATCACTCACTACCAAACAGAATGTTTGAGAAGGAAATGACGCTCAAACAGGCATGCCCCCTGGAATACCAAGGGGCGCAATGTGCGTTCAAAGATTCGATGATTCACGGAATTCTGCAATTCACATTACGTATCGCATTTCGCTGCGTTCTTCATCGATGCGAGAACCAAGAGATCCGTTGTTGAAAGTTTTTAATATTTT-AAAATTTCCAGTTACGAAAATTCTTGTTTTTGACAAAAATTTAATGAATAGATAAAATTGTTTGTGTTTGTTACCTCTGGGCCCCGATTGCTCGAATGCCCAAAGAAAAAGTTGCAAAGATATGAAAACTCCACAGTGTGTTGTATTGAAACGGTTTTAATTGTCCTATAACAAAAGCACAGAAATCTCTCACCGTTTGGAATAGCAAGAAAGAAACTTACAAGCCTAGCAAGACCGCGCACTTAAGCGCAGGCCCGGCTGGACTCTCCATCTCTTGTCTTCTTGCCCAGTAAAAGCTCTCATGCTCTTGCCAAAACAAAAAAATCCATTTTCAAAATTATTAAATTTCTTTAATGATCCTTCCGCAGGTCACCCTACGGAA	GCCTAGACGCTCTCTTCTTATTGATAACGTTCCAATACGCTCAGTACAAAAAA-GATTAGCCGCAGTTGGTAAAACCTAAAACGACCGTACTTGCATTATACCTCAAGCACGCAGAGAAACCTCTCTTTGGAAAAAAA-CATCCAATGAAAAGGCCAGCAATTTCAAGTTAACTCCAAAGAGTATCACTCACTACCAAACAGAATGTTTGAGAAGGAAATGACGCTCAAACAGGCATGCCCCCTGGAATACCAAGGGGCGCAATGTGCGTTCAAAGATTCGATGATTCACGGAATTCTGCAATTCACATTACGTATCGCATTTCGCTGCGTTCTTCATCGATGCGAGAACCAAGAGATCCGTTGTTGAAAGTTTTTAATATTTTTAAAATTTCCAGTTACGAAAATTCTTGTTTTTGACAAAAATTTAATGAATAAATAAAATTGTTTGTGTTTGTTACCTCTGGGCTCCGATTGCTCGAAAGCCCAAAGAAAAAGTTGCAAAGATATAAAAACTCCACAGTGTGTTGTATTGAAACGGTTTTAGTTGTCCTATAACAAAAACACAGAAATCTCTCACTGTTTGGAATAGCAAGAAAGAAACTTACAAGCCTAGCAAGACCGCGCACTTAAGCGCAGGCCCCACTGGACTCTCCATCTCTTGTCTTCTTGCCCAGTAAAAG--CTCATGCTCTTGCCAAAACAAAAAAATCCATTTTCAAAATTATTAAATTTCTTTAATGATCCTTCCGCAGGTTCACCTACGGAA
yH791.ITSwhole_oH2693_P1	ref|NR_130691.1|	99.234	82	0.0	1153	Nakaseomyces glabratus NRRL Y-65 ITS region; from TYPE material	1	653	651	1	GCCCAGCACGCACAGAACACTCACATATCCCTCCCTAGATCAACACCGAGTTGGTAAAACCTAATACAGTATTAACCCCCGCCGCTCGCGCAAACGAGCAGCAGATTAATAGAGAAGCTTGCGCTCGTGTCCCACATACTGATATGGCCTACAATTTCAAGTTAACTCAAAAACGAGAGTATCACTCACTACCAAACACAACGTGTTTGAGAAGGAAATGACGCTCAAACAGGCATGCCCCCCGGAATACCAGAGGGCGCAATGTGCGTTCAAAGATTCGATGATTCACGGAATTCTGCAATTCACATTACGTATCGCATTTCGCTGCGTTCTTCATCGATGCGAGAACCAAGAGATCCATTGTTGAAAGTTTTGAAGTTGTTTTCTACTAAAAGAAATCTTGTGTTGACTGAATTAGTTTAAAAAAATATTTGTTTGTGTTTGCATCCACTGGGAGAACTCCCCCCCGAAAGAGAGCGTTCCCCCAACGAACAAAAGAATAGTAGTAAAGTAAACTCCACTGTGTGTAGTAATTAGAAAGTGTCGAGTCGTGTGATAAAACACCTCCTTTGGAATAGAGAGATCCACGCACACTCCCAGGTCTTTGTCGGCTCCCTCCCCCCACTGCAGAACACCCACCAACCGCGCACTTA	GCCCAGCACGCACAAAACACTCACTTATCCCTCCCTAGATCAACACCGAGTTGGTAAAACCTAATACAGTATTAACCCCCGCCGCTCGCGCAAACGAGCAGCAGATTAATAGAGAAGCTTGCGCTCGTGTCCCACATACTGATATGGCCTACAATTTCAAGTTAACTCAAAAACGAG--TATCACTCACTACCAAACACAATGTGTTTGAGAAGGAAATGACGCTCAAACAGGCATGCCCCCCGGAATACCAGAGGGCGCAATGTGCGTTCAAAGATTCGATGATTCACGGAATTCTGCAATTCACATTACGTATCGCATTTCGCTGCGTTCTTCATCGATGCGAGAACCAAGAGATCCATTGTTGAAAGTTTTGAAGTTGTTTTCTACTAAAAGAAATCTTGTGTTGACTGAATTAGTTTAAAAAAATATTTGTTTGTGTTTGCATCCACTGGGAGAACTCCCCCCCGAAAGAGAGCGTTCCCCCAACGAACAAAAGAATAGTAGTAAAGTAAACTCCACTGTGTGTAGTAATTAGAAAGTGTCGAGTCGTGTGATAAAACACCTCCTTTGGAATAGAGAGATCCACGCACACTCCCAGGTCTTTGTCGGCTCCCTCCCCCCACTGCAGAACACCCACCAACCGCGCACTTA
yH791.ITSwhole_oH2693_P1	ref|NR_136973.1|	89.021	42	2.21e-120	431	Nakaseomyces bracarensis CBS 10154 ITS region; from TYPE material	142	474	543	211	ATATGGCCTACAATTTCAAGTTAACTCAAAAACGAGAGTATCACTCACTACCAAACACAACGTGTTTGAGAAGGAAATGACGCTCAAACAGGCATGCCCCCCGGAATACCAGAGGGCGCAATGTGCGTTCAAAGATTCGATGATTCACGGAATTCTGCAATTCACATTACGTATCGCATTTCGCTGCGTTCTTCATCGATGCGAGAACCAAGAGATCCATTGTTGAAAGTTTTGAAGTTGTTTTCTACTAAAAGAAATCTTGTGTTGACTGAATTAGT--TTAAAAAAATATTTGTTTGTGTTTGCATCCACTGGGAGAACTCCC--CCCCGAAAGA	ATATGGCCAACAATTTCAAGCTAACTCAATAA---GAGTATCACTCACTACCAAACACAG-GTGTTTGAGAAGGAAATGACGCTCAAACAGGCATGCCCCCTGGAATACCAGAGGGCGCAATGTGCGTTCAAAGATTCGATGATTCACGGAATTCTGCAATTCACATTACGTATCGCATTTCGCTGCGTTCTTCATCGATGCGAGAACCAAGAGATCCATTGTTGAAAGTTTTGAAGTTATTTTCTCGTAAGAGAAATTAAGTTCTGACAAAGTTTGTAAATATAAAAATAATTGTTTGTGTTTGCTTCTCCCGGGAGACTTACCGTCCCCCAAAGA
yH793.ITSwhole_oH2693_P1	ref|NR_130691.1|	96.031	82	0.0	1059	Nakaseomyces glabratus NRRL Y-65 ITS region; from TYPE material	1	655	651	1	GCCCAGCACGCACAAAACACTCACTTATCCCGCCCTAGATCAACACCGAGTTGGTAAAACCTAATACAGTATTAACCCCCGCCGCTCGCGCAAACGAGCAGCAGATTAATAGAGAAGCTTGCGCTCGTGTCCCACATACTGATATGGCCTACAATTTCAAGTTAACTCAAAAACGAGAGTATCACTCACTACCAAACACAACGTGTTTGAGAAGGAAATGACGCTCAAACAGGCATGCCCCCCGGAATACCAGAGGGCGCAATGTGCGTTCAAAGATTCGATGATTCACGGAATTCTGCAATTCACATTACGTATCGCATTTCGCTGCGTTCTTCATCGATGCGAGAACCAAGAGATCCATTGTTGAAAGTTTTGAAGTTGTTTTCTACTAAAAGAAATCTTGTGTTGACTGAATTATTTTAAAAAAATATTTGTTTGTGTTTGCATCCACTGGGAGAACTCCCCCCCCCAAGAGAGAGCGTTCCCCCAACAAACAAAAGAATAGTAGTAAAGTACTCTCCTCTGTGTGTAGTATATAGAAAGTGTCGAGTCGTGAGATAAAACCTCTCCTTTGAAATAGAGAGATCCACGCACACTCCCGGGTTTTTGTCGTCTCCCTCCCCACAGTGCAGAACACCCACCACCCGCGCATTTA	GCCCAGCACGCACAAAACACTCACTTATCCCTCCCTAGATCAACACCGAGTTGGTAAAACCTAATACAGTATTAACCCCCGCCGCTCGCGCAAACGAGCAGCAGATTAATAGAGAAGCTTGCGCTCGTGTCCCACATACTGATATGGCCTACAATTTCAAGTTAACTCAAAAACGAG--TATCACTCACTACCAAACACAATGTGTTTGAGAAGGAAATGACGCTCAAACAGGCATGCCCCCCGGAATACCAGAGGGCGCAATGTGCGTTCAAAGATTCGATGATTCACGGAATTCTGCAATTCACATTACGTATCGCATTTCGCTGCGTTCTTCATCGATGCGAGAACCAAGAGATCCATTGTTGAAAGTTTTGAAGTTGTTTTCTACTAAAAGAAATCTTGTGTTGACTGAATTAGTTTAAAAAAATATTTGTTTGTGTTTGCATCCACTGGGAGAACTCCC--CCCCGAAAGAGAGCGTTCCCCCAACGAACAAAAGAATAGTAGTAAAGTAAACTCCACTGTGTGTAGTAATTAGAAAGTGTCGAGTCGTGTGATAAAACACCTCCTTTGGAATAGAGAGATCCACGCACACTCCCAGGTCTTTGTCGGCTCCCTCCCCCCACTGCAGAACACCCACCAACCGCGCACTTA
yH793.ITSwhole_oH2693_P1	ref|NR_136973.1|	88.724	42	2.69e-119	426	Nakaseomyces bracarensis CBS 10154 ITS region; from TYPE material	142	474	543	211	ATATGGCCTACAATTTCAAGTTAACTCAAAAACGAGAGTATCACTCACTACCAAACACAACGTGTTTGAGAAGGAAATGACGCTCAAACAGGCATGCCCCCCGGAATACCAGAGGGCGCAATGTGCGTTCAAAGATTCGATGATTCACGGAATTCTGCAATTCACATTACGTATCGCATTTCGCTGCGTTCTTCATCGATGCGAGAACCAAGAGATCCATTGTTGAAAGTTTTGAAGTTGTTTTCTACTAAAAGAAATCTTGTGTTGACTGAATTATTT--TAAAAAAATATTTGTTTGTGTTTGCATCCACTGGGAGAACTCCC--CCCCCCAAGA	ATATGGCCAACAATTTCAAGCTAACTCAATAA---GAGTATCACTCACTACCAAACACAG-GTGTTTGAGAAGGAAATGACGCTCAAACAGGCATGCCCCCTGGAATACCAGAGGGCGCAATGTGCGTTCAAAGATTCGATGATTCACGGAATTCTGCAATTCACATTACGTATCGCATTTCGCTGCGTTCTTCATCGATGCGAGAACCAAGAGATCCATTGTTGAAAGTTTTGAAGTTATTTTCTCGTAAGAGAAATTAAGTTCTGACAAAGTTTGTAAATATAAAAATAATTGTTTGTGTTTGCTTCTCCCGGGAGACTTACCGTCCCCCAAAGA
